Trade #,Type,Date and time,Signal,Price USDT,Size (qty),Size (value),Net P&L USDT,Net P&L %,Favorable excursion USDT,Favorable excursion %,Adverse excursion USDT,Adverse excursion %,Cumulative P&L USDT,Cumulative P&L %
1,Exit long,2023-01-26 09:00:00,TP1 VWAP,1618.65,0.0128,19.971712,0.71,3.53,0.83,4.13,-0.48,-2.42,0.63,0.63
1,Entry long,2023-01-26 00:00:00,Long,1560.29,0.0128,19.971712,0.71,3.53,0.83,4.13,-0.48,-2.42,0.63,0.63
2,Exit long,2023-01-26 10:00:00,BE Stop,1585.93,0.0512,79.886848,1.15,1.44,4.09,5.12,-1.94,-2.42,1.86,1.86
2,Entry long,2023-01-26 00:00:00,Long,1560.29,0.0512,79.886848,1.15,1.44,4.09,5.12,-1.94,-2.42,1.86,1.86
3,Exit long,2023-01-28 07:00:00,TP1 VWAP,1609.62,0.0127,19.943826,0.46,2.29,0.51,2.55,-0.15,-0.76,2.24,2.24
3,Entry long,2023-01-27 14:00:00,Long,1570.38,0.0127,19.943826,0.46,2.29,0.51,2.55,-0.15,-0.76,2.24,2.24
4,Exit long,2023-01-28 10:00:00,BE Stop,1592.99,0.0509,79.932342,0.99,1.24,2.55,3.19,-0.61,-0.76,3.31,3.31
4,Entry long,2023-01-27 14:00:00,Long,1570.38,0.0509,79.932342,0.99,1.24,2.55,3.19,-0.61,-0.76,3.31,3.31
5,Exit long,2023-01-29 13:00:00,TP1 VWAP,1603.6,0.0126,19.8891,0.28,1.39,0.5,2.53,-0.32,-1.59,3.5,3.5
5,Entry long,2023-01-29 03:00:00,Long,1578.5,0.0126,19.8891,0.28,1.39,0.5,2.53,-0.32,-1.59,3.5,3.5
6,Exit long,2023-01-29 14:00:00,BE Stop,1592.19,0.0507,80.02995,0.53,0.67,2.02,2.53,-1.27,-1.59,4.12,4.12
6,Entry long,2023-01-29 03:00:00,Long,1578.5,0.0507,80.02995,0.53,0.67,2.02,2.53,-1.27,-1.59,4.12,4.12
7,Exit long,2023-02-01 04:00:00,TP1 VWAP,1593.5,0.0127,19.888073,0.31,1.55,0.49,2.45,-0.02,-0.12,4.34,4.34
7,Entry long,2023-01-31 18:00:00,Long,1565.99,0.0127,19.888073,0.31,1.55,0.49,2.45,-0.02,-0.12,4.34,4.34
8,Exit long,2023-02-01 08:00:00,BE Stop,1587,0.0511,80.022089,0.91,1.14,1.96,2.45,-0.1,-0.12,5.34,5.34
8,Entry long,2023-01-31 18:00:00,Long,1565.99,0.0511,80.022089,0.91,1.14,1.96,2.45,-0.1,-0.12,5.34,5.34
9,Exit long,2023-02-10 07:00:00,SL,1579.45,0.0611,99.853286,-3.55,-3.55,0.86,0.86,-4.82,-4.82,1.79,1.79
9,Entry long,2023-02-09 18:00:00,Long,1634.26,0.0611,99.853286,-3.55,-3.55,0.86,0.86,-4.82,-4.82,1.79,1.79
10,Exit long,2023-02-25 03:00:00,SL,1603.51,0.0606,99.853044,-2.88,-2.88,1.39,1.39,-2.99,-2.99,-1.09,-1.09
10,Entry long,2023-02-24 00:00:00,Long,1647.74,0.0606,99.853044,-2.88,-2.88,1.39,1.39,-2.99,-2.99,-1.09,-1.09
11,Exit long,2023-03-01 15:00:00,TP1 VWAP,1638,0.0124,19.996115999999997,0.27,1.37,0.33,1.65,-0.26,-1.29,-0.89,-0.89
11,Entry long,2023-03-01 10:00:00,Long,1612.59,0.0124,19.996115999999997,0.27,1.37,0.33,1.65,-0.26,-1.29,-0.89,-0.89
12,Exit long,2023-03-02 07:00:00,BE Stop,1634.9,0.0496,79.98446399999999,0.95,1.18,2.83,3.53,-1.04,-1.29,0.13,0.13
12,Entry long,2023-03-01 10:00:00,Long,1612.59,0.0496,79.98446399999999,0.95,1.18,2.83,3.53,-1.04,-1.29,0.13,0.13
13,Exit long,2023-03-13 05:00:00,TP1 VWAP,1516.31,0.0139,19.949002,1.09,5.44,1.55,7.78,-0.26,-1.3,1.14,1.14
13,Entry long,2023-03-11 20:00:00,Long,1435.18,0.0139,19.949002,1.09,5.44,1.55,7.78,-0.26,-1.3,1.14,1.14
14,Exit long,2023-03-13 07:00:00,BE Stop,1515.82,0.0557,79.939526,4.33,5.41,6.38,7.97,-1.04,-1.3,5.55,5.55
14,Entry long,2023-03-11 20:00:00,Long,1435.18,0.0557,79.939526,4.33,5.41,6.38,7.97,-1.04,-1.3,5.55,5.55
15,Exit long,2023-03-24 02:00:00,TP1 VWAP,1804.99,0.0115,19.924554999999998,0.79,3.97,0.85,4.25,-0.24,-1.21,6.26,6.26
15,Entry long,2023-03-23 08:00:00,Long,1732.57,0.0115,19.924554999999998,0.79,3.97,0.85,4.25,-0.24,-1.21,6.26,6.26
16,Exit long,2023-03-24 06:00:00,BE Stop,1802.73,0.0462,80.04473399999999,3.08,3.84,5.76,7.18,-0.97,-1.21,9.42,9.42
16,Entry long,2023-03-23 08:00:00,Long,1732.57,0.0462,80.04473399999999,3.08,3.84,5.76,7.18,-0.97,-1.21,9.42,9.42
17,Exit long,2023-03-26 23:00:00,TP1 VWAP,1777.94,0.0113,19.844608,0.21,1.04,0.35,1.77,-0.51,-2.55,9.54,9.54
17,Entry long,2023-03-25 06:00:00,Long,1756.16,0.0113,19.844608,0.21,1.04,0.35,1.77,-0.51,-2.55,9.54,9.54
18,Exit long,2023-03-27 02:00:00,BE Stop,1763.86,0.0456,80.08089600000001,0.19,0.24,2.05,2.56,-2.05,-2.55,9.82,9.82
18,Entry long,2023-03-25 06:00:00,Long,1756.16,0.0456,80.08089600000001,0.19,0.24,2.05,2.56,-2.05,-2.55,9.82,9.82
19,Exit long,2023-04-27 11:00:00,TP1 VWAP,1920,0.0107,19.97048,0.53,2.67,0.77,3.83,-0.22,-1.11,10.27,10.27
19,Entry long,2023-04-27 07:00:00,Long,1866.4,0.0107,19.97048,0.53,2.67,0.77,3.83,-0.22,-1.11,10.27,10.27
20,Exit long,2023-04-27 12:00:00,BE Stop,1892.03,0.0428,79.88192,0.94,1.17,3.06,3.83,-0.88,-1.11,11.28,11.28
20,Entry long,2023-04-27 07:00:00,Long,1866.4,0.0428,79.88192,0.94,1.17,3.06,3.83,-0.88,-1.11,11.28,11.28
21,Exit long,2023-05-12 01:00:00,SL,1798.7,0.0538,99.90875199999999,-3.34,-3.34,1.51,1.51,-3.98,-3.98,7.95,7.95
21,Entry long,2023-05-08 20:00:00,Long,1857.04,0.0538,99.90875199999999,-3.34,-3.34,1.51,1.51,-3.98,-3.98,7.95,7.95
22,Exit long,2023-05-15 14:00:00,BE Stop,1825.77,0.0439,80.063503,-0.07,-0.09,0.46,0.57,-0.25,-0.31,7.86,7.86
22,Entry long,2023-05-15 12:00:00,Long,1823.77,0.0439,80.063503,-0.07,-0.09,0.46,0.57,-0.25,-0.31,7.86,7.86
23,Exit long,2023-05-15 15:00:00,BE Stop,1827.5,0.0109,19.879093,0.001,0,0.11,0.57,-0.06,-0.31,7.88,7.88
23,Entry long,2023-05-15 12:00:00,Long,1823.77,0.0109,19.879093,0.001,0,0.11,0.57,-0.06,-0.31,7.88,7.88
24,Exit long,2023-05-18 04:00:00,TP1 VWAP,1815.64,0.0111,19.954581,0.16,0.8,0.25,1.24,-0.08,-0.4,7.96,7.96
24,Entry long,2023-05-18 01:00:00,Long,1797.71,0.0111,19.954581,0.16,0.8,0.25,1.24,-0.08,-0.4,7.96,7.96
25,Exit long,2023-05-18 09:00:00,BE Stop,1819.9,0.0445,79.99809499999999,0.83,1.03,1.6,1.99,-0.32,-0.4,8.86,8.86
25,Entry long,2023-05-18 01:00:00,Long,1797.71,0.0445,79.99809499999999,0.83,1.03,1.6,1.99,-0.32,-0.4,8.86,8.86
26,Exit long,2023-05-19 08:00:00,TP1 VWAP,1814.4,0.0111,19.927164,0.17,0.87,0.28,1.4,-0.04,-0.22,8.96,8.96
26,Entry long,2023-05-19 06:00:00,Long,1795.24,0.0111,19.927164,0.17,0.87,0.28,1.4,-0.04,-0.22,8.96,8.96
27,Exit long,2023-05-19 10:00:00,BE Stop,1800.88,0.0446,80.067704,0.09,0.11,1.12,1.4,-0.18,-0.22,9.13,9.13
27,Entry long,2023-05-19 06:00:00,Long,1795.24,0.0446,80.067704,0.09,0.11,1.12,1.4,-0.18,-0.22,9.13,9.13
28,Exit long,2023-05-26 18:00:00,TP1 VWAP,1816.34,0.011,19.8484,0.09,0.46,0.15,0.73,-0.52,-2.62,9.14,9.14
28,Entry long,2023-05-25 07:00:00,Long,1804.4,0.011,19.8484,0.09,0.46,0.15,0.73,-0.52,-2.62,9.14,9.14
29,Exit long,2023-05-27 09:00:00,BE Stop,1825.93,0.0444,80.11536000000001,0.79,0.99,1.41,1.76,-2.1,-2.62,10.01,10.01
29,Entry long,2023-05-25 07:00:00,Long,1804.4,0.0444,80.11536000000001,0.79,0.99,1.41,1.76,-2.1,-2.62,10.01,10.01
30,Exit long,2023-06-06 02:00:00,SL,1820.21,0.0534,99.85906800000001,-2.86,-2.86,0,0,-2.77,-2.77,7.16,7.16
30,Entry long,2023-06-05 22:00:00,Long,1870.02,0.0534,99.85906800000001,-2.86,-2.86,0,0,-2.77,-2.77,7.16,7.16
31,Exit long,2023-06-30 15:00:00,TP1 VWAP,1887.9,0.0107,19.914839999999998,0.25,1.23,0.49,2.45,-0.03,-0.14,7.32,7.32
31,Entry long,2023-06-30 13:00:00,Long,1861.2,0.0107,19.914839999999998,0.25,1.23,0.49,2.45,-0.03,-0.14,7.32,7.32
32,Exit long,2023-06-30 17:00:00,BE Stop,1875.21,0.043,80.0316,0.44,0.55,1.97,2.45,-0.11,-0.14,7.84,7.84
32,Entry long,2023-06-30 13:00:00,Long,1861.2,0.043,80.0316,0.44,0.55,1.97,2.45,-0.11,-0.14,7.84,7.84
33,Exit long,2023-07-01 04:00:00,TP1 VWAP,1932.19,0.0105,19.935720000000003,0.31,1.56,0.5,2.5,-0.02,-0.1,8.08,8.08
33,Entry long,2023-07-01 03:00:00,Long,1898.64,0.0105,19.935720000000003,0.31,1.56,0.5,2.5,-0.02,-0.1,8.08,8.08
34,Exit long,2023-07-01 13:00:00,BE Stop,1921.02,0.0421,79.932744,0.78,0.98,2,2.5,-0.08,-0.1,8.94,8.94
34,Entry long,2023-07-01 03:00:00,Long,1898.64,0.0421,79.932744,0.78,0.98,2,2.5,-0.08,-0.1,8.94,8.94
35,Exit long,2023-07-07 10:00:00,SL,1845.86,0.0529,99.894244,-2.45,-2.45,0.22,0.22,-2.36,-2.36,6.49,6.49
35,Entry long,2023-07-07 02:00:00,Long,1888.36,0.0529,99.894244,-2.45,-2.45,0.22,0.22,-2.36,-2.36,6.49,6.49
36,Exit long,2023-07-13 20:00:00,TP1 VWAP,1882.67,0.0107,19.995197,0.11,0.55,0.15,0.73,-0.03,-0.13,6.52,6.52
36,Entry long,2023-07-13 16:00:00,Long,1868.71,0.0107,19.995197,0.11,0.55,0.15,0.73,-0.03,-0.13,6.52,6.52
37,Exit long,2023-07-14 08:00:00,BE Stop,1983.66,0.0428,79.980788,4.75,5.94,6.27,7.83,-0.1,-0.13,11.36,11.36
37,Entry long,2023-07-13 16:00:00,Long,1868.71,0.0428,79.980788,4.75,5.94,6.27,7.83,-0.1,-0.13,11.36,11.36
38,Exit long,2023-07-31 11:00:00,TP1 VWAP,1872.98,0.0107,19.923078999999998,0.08,0.39,0.15,0.76,-0.03,-0.14,11.35,11.35
38,Entry long,2023-07-31 10:00:00,Long,1861.97,0.0107,19.923078999999998,0.08,0.39,0.15,0.76,-0.03,-0.14,11.35,11.35
39,Exit long,2023-07-31 14:00:00,BE Stop,1869.37,0.043,80.06470999999999,0.16,0.2,0.61,0.76,-0.11,-0.14,11.59,11.59
39,Entry long,2023-07-31 10:00:00,Long,1861.97,0.043,80.06470999999999,0.16,0.2,0.61,0.76,-0.11,-0.14,11.59,11.59
40,Exit long,2023-08-07 13:00:00,BE Stop,1844.47,0.0434,79.987502,-0.1,-0.12,0.63,0.79,-1.29,-1.61,11.47,11.47
40,Entry long,2023-08-03 02:00:00,Long,1843.03,0.0434,79.987502,-0.1,-0.12,0.63,0.79,-1.29,-1.61,11.47,11.47
41,Exit long,2023-08-07 14:00:00,BE Stop,1838.72,0.0108,19.904724,-0.09,-0.43,0.16,0.79,-0.32,-1.61,11.41,11.41
41,Entry long,2023-08-03 02:00:00,Long,1843.03,0.0108,19.904724,-0.09,-0.43,0.16,0.79,-0.32,-1.61,11.41,11.41
42,Exit long,2023-08-23 03:00:00,SL,1648.2,0.0597,99.862578,-1.66,-1.66,0.57,0.57,-2.85,-2.85,9.74,9.74
42,Entry long,2023-08-21 19:00:00,Long,1672.74,0.0597,99.862578,-1.66,-1.66,0.57,0.57,-2.85,-2.85,9.74,9.74
43,Exit long,2023-08-28 01:00:00,TP1 VWAP,1657.58,0.0121,19.964758,0.05,0.26,0.32,1.59,-0.2,-0.99,9.72,9.72
43,Entry long,2023-08-25 06:00:00,Long,1649.98,0.0121,19.964758,0.05,0.26,0.32,1.59,-0.2,-0.99,9.72,9.72
44,Exit long,2023-08-28 02:00:00,BE Stop,1655.28,0.0485,80.02403,0.1,0.12,1.28,1.59,-0.79,-0.99,9.89,9.89
44,Entry long,2023-08-25 06:00:00,Long,1649.98,0.0485,80.02403,0.1,0.12,1.28,1.59,-0.79,-0.99,9.89,9.89
45,Exit long,2023-08-30 01:00:00,TP1 VWAP,1721.21,0.0121,19.918657,0.87,4.35,1.08,5.41,-0.06,-0.31,10.68,10.68
45,Entry long,2023-08-29 23:00:00,Long,1646.17,0.0121,19.918657,0.87,4.35,1.08,5.41,-0.06,-0.31,10.68,10.68
46,Exit long,2023-08-30 07:00:00,BE Stop,1726.51,0.0486,80.003862,3.74,4.67,4.82,6.02,-0.25,-0.31,14.5,14.5
46,Entry long,2023-08-29 23:00:00,Long,1646.17,0.0486,80.003862,3.74,4.67,4.82,6.02,-0.25,-0.31,14.5,14.5
47,Exit long,2023-09-08 07:00:00,BE Stop,1638.64,0.0486,80.026218,-0.55,-0.68,0.37,0.46,-1.21,-1.5,13.93,13.93
47,Entry long,2023-09-07 04:00:00,Long,1646.63,0.0486,80.026218,-0.55,-0.68,0.37,0.46,-1.21,-1.5,13.93,13.93
48,Exit long,2023-09-08 08:00:00,BE Stop,1645.92,0.0121,19.924223,-0.05,-0.24,0.14,0.7,-0.3,-1.5,13.9,13.9
48,Entry long,2023-09-07 04:00:00,Long,1646.63,0.0121,19.924223,-0.05,-0.24,0.14,0.7,-0.3,-1.5,13.9,13.9
49,Exit long,2023-09-11 03:00:00,SL,1613.81,0.0614,99.887362,-1,-1,0.02,0.02,-2.44,-2.44,12.91,12.91
49,Entry long,2023-09-10 17:00:00,Long,1626.83,0.0614,99.887362,-1,-1,0.02,0.02,-2.44,-2.44,12.91,12.91
50,Exit long,2023-09-21 21:00:00,SL,1591.75,0.0615,99.92643,-2.23,-2.23,0.22,0.22,-2.41,-2.41,10.67,10.67
50,Entry long,2023-09-21 07:00:00,Long,1624.82,0.0615,99.92643,-2.23,-2.23,0.22,0.22,-2.41,-2.41,10.67,10.67
51,Exit long,2023-10-06 03:00:00,SL,1618.34,0.0608,99.877376,-1.68,-1.68,0.23,0.23,-2.39,-2.39,8.99,8.99
51,Entry long,2023-10-06 01:00:00,Long,1642.72,0.0608,99.877376,-1.68,-1.68,0.23,0.23,-2.39,-2.39,8.99,8.99
52,Exit long,2023-10-09 21:00:00,SL,1592.17,0.0613,99.896319,-2.49,-2.49,1.95,1.95,-3.14,-3.14,6.5,6.5
52,Entry long,2023-10-07 01:00:00,Long,1629.63,0.0613,99.896319,-2.49,-2.49,1.95,1.95,-3.14,-3.14,6.5,6.5
53,Exit long,2023-10-20 07:00:00,TP1 VWAP,1567.98,0.0128,19.869184,0.16,0.81,0.27,1.36,-0.17,-0.85,6.58,6.58
53,Entry long,2023-10-19 17:00:00,Long,1552.28,0.0128,19.869184,0.16,0.81,0.27,1.36,-0.17,-0.85,6.58,6.58
54,Exit long,2023-10-21 00:00:00,BE Stop,1607.01,0.0516,80.09764799999999,2.66,3.32,3.98,4.97,-0.68,-0.85,9.32,9.32
54,Entry long,2023-10-19 17:00:00,Long,1552.28,0.0516,80.09764799999999,2.66,3.32,3.98,4.97,-0.68,-0.85,9.32,9.32
55,Exit long,2023-11-18 02:00:00,SL,1933.41,0.0497,99.81847400000001,-3.92,-3.93,0.22,0.22,-4.2,-4.2,5.4,5.4
55,Entry long,2023-11-17 04:00:00,Long,2008.42,0.0497,99.81847400000001,-3.92,-3.93,0.22,0.22,-4.2,-4.2,5.4,5.4
56,Exit long,2023-11-22 20:00:00,TP1 VWAP,2002.66,0.0102,19.945590000000003,0.44,2.21,0.48,2.4,-0.03,-0.17,5.76,5.76
56,Entry long,2023-11-22 12:00:00,Long,1955.45,0.0102,19.945590000000003,0.44,2.21,0.48,2.4,-0.03,-0.17,5.76,5.76
57,Exit long,2023-11-23 10:00:00,BE Stop,2064.87,0.0409,79.97790499999999,4.31,5.38,5.55,6.93,-0.13,-0.17,10.15,10.15
57,Entry long,2023-11-22 12:00:00,Long,1955.45,0.0409,79.97790499999999,4.31,5.38,5.55,6.93,-0.13,-0.17,10.15,10.15
58,Exit long,2023-11-29 04:00:00,TP1 VWAP,2057,0.0098,19.835886,0.28,1.42,0.37,1.87,-0.4,-2.02,10.35,10.35
58,Entry long,2023-11-28 01:00:00,Long,2024.07,0.0098,19.835886,0.28,1.42,0.37,1.87,-0.4,-2.02,10.35,10.35
59,Exit long,2023-11-29 06:00:00,BE Stop,2057.61,0.0396,80.153172,1.17,1.45,1.98,2.46,-1.62,-2.02,11.6,11.6
59,Entry long,2023-11-28 01:00:00,Long,2024.07,0.0396,80.153172,1.17,1.45,1.98,2.46,-1.62,-2.02,11.6,11.6
60,Exit long,2023-12-01 13:00:00,TP1 VWAP,2088.19,0.0098,19.921832,0.5,2.52,0.56,2.8,-0.15,-0.74,12.02,12.02
60,Entry long,2023-11-30 05:00:00,Long,2032.84,0.0098,19.921832,0.5,2.52,0.56,2.8,-0.15,-0.74,12.02,12.02
61,Exit long,2023-12-01 22:00:00,BE Stop,2089.99,0.0393,79.890612,2.08,2.61,3.07,3.84,-0.59,-0.74,14.19,14.19
61,Entry long,2023-11-30 05:00:00,Long,2032.84,0.0393,79.890612,2.08,2.61,3.07,3.84,-0.59,-0.74,14.19,14.19
62,Exit long,2023-12-13 05:00:00,SL,2172.94,0.0444,99.97104,-3.69,-3.69,0.08,0.08,-4.34,-4.34,10.5,10.5
62,Entry long,2023-12-11 15:00:00,Long,2251.6,0.0444,99.97104,-3.69,-3.69,0.08,0.08,-4.34,-4.34,10.5,10.5
63,Exit long,2023-12-21 22:00:00,TP1 VWAP,2245.66,0.0091,19.955481,0.44,2.2,0.48,2.42,-0.1,-0.51,10.86,10.86
63,Entry long,2023-12-21 10:00:00,Long,2192.91,0.0091,19.955481,0.44,2.2,0.48,2.42,-0.1,-0.51,10.86,10.86
64,Exit long,2023-12-22 02:00:00,BE Stop,2216.16,0.0365,80.041215,0.69,0.86,3.15,3.93,-0.4,-0.51,11.62,11.62
64,Entry long,2023-12-21 10:00:00,Long,2192.91,0.0365,80.041215,0.69,0.86,3.15,3.93,-0.4,-0.51,11.62,11.62
65,Exit long,2023-12-27 22:00:00,TP1 VWAP,2279.42,0.0089,19.935644,0.31,1.56,0.34,1.72,-0.55,-2.77,11.85,11.85
65,Entry long,2023-12-26 22:00:00,Long,2239.96,0.0089,19.935644,0.31,1.56,0.34,1.72,-0.55,-2.77,11.85,11.85
66,Exit long,2023-12-28 05:00:00,BE Stop,2347.01,0.0357,79.96657200000001,3.66,4.57,4.83,6.03,-2.22,-2.77,15.59,15.59
66,Entry long,2023-12-26 22:00:00,Long,2239.96,0.0357,79.96657200000001,3.66,4.57,4.83,6.03,-2.22,-2.77,15.59,15.59
67,Exit long,2024-01-09 05:00:00,TP1 VWAP,2307.69,0.0089,19.868538,0.63,3.17,0.66,3.32,-0.61,-3.07,16.14,16.14
67,Entry long,2024-01-06 05:00:00,Long,2232.42,0.0089,19.868538,0.63,3.17,0.66,3.32,-0.61,-3.07,16.14,16.14
68,Exit long,2024-01-09 08:00:00,BE Stop,2336.87,0.0358,79.920636,3.58,4.47,4.49,5.61,-2.46,-3.07,19.8,19.8
68,Entry long,2024-01-06 05:00:00,Long,2232.42,0.0358,79.920636,3.58,4.47,4.49,5.61,-2.46,-3.07,19.8,19.8
69,Exit long,2024-01-19 05:00:00,SL,2481.62,0.0393,99.81649800000001,-2.49,-2.49,0.29,0.29,-2.99,-2.99,17.31,17.31
69,Entry long,2024-01-18 08:00:00,Long,2539.86,0.0393,99.81649800000001,-2.49,-2.49,0.29,0.29,-2.99,-2.99,17.31,17.31
70,Exit long,2024-02-05 19:00:00,BE Stop,2310.27,0.0347,79.95990400000001,0.05,0.06,0.2,0.25,-1.31,-1.64,17.34,17.34
70,Entry long,2024-02-05 08:00:00,Long,2304.32,0.0347,79.95990400000001,0.05,0.06,0.2,0.25,-1.31,-1.64,17.34,17.34
71,Exit long,2024-02-06 02:00:00,BE Stop,2318.31,0.0086,19.817152,0.08,0.41,0.28,1.39,-0.33,-1.64,17.44,17.44
71,Entry long,2024-02-05 08:00:00,Long,2304.32,0.0086,19.817152,0.08,0.41,0.28,1.39,-0.33,-1.64,17.44,17.44
72,Exit long,2024-02-06 14:00:00,TP1 VWAP,2324.49,0.0087,19.967109,0.22,1.08,0.28,1.42,-0.05,-0.24,17.57,17.57
72,Entry long,2024-02-06 10:00:00,Long,2295.07,0.0087,19.967109,0.22,1.08,0.28,1.42,-0.05,-0.24,17.57,17.57
73,Exit long,2024-02-06 16:00:00,BE Stop,2314.96,0.0348,79.868436,0.53,0.67,1.13,1.42,-0.2,-0.24,18.19,18.19
73,Entry long,2024-02-06 10:00:00,Long,2295.07,0.0348,79.868436,0.53,0.67,1.13,1.42,-0.2,-0.24,18.19,18.19
74,Exit long,2024-03-15 14:00:00,SL,3749.68,0.0256,99.68384,-3.89,-3.9,1.05,1.06,-5.04,-5.05,14.3,14.3
74,Entry long,2024-03-15 04:00:00,Long,3893.9,0.0256,99.68384,-3.89,-3.9,1.05,1.06,-5.04,-5.05,14.3,14.3
75,Exit long,2024-03-24 02:00:00,TP1 VWAP,3415.02,0.0059,19.759572,0.35,1.77,0.42,2.13,-0.63,-3.17,14.57,14.57
75,Entry long,2024-03-23 03:00:00,Long,3349.08,0.0059,19.759572,0.35,1.77,0.42,2.13,-0.63,-3.17,14.57,14.57
76,Exit long,2024-03-24 10:00:00,BE Stop,3378.52,0.0239,80.043012,0.54,0.68,2.01,2.51,-2.54,-3.17,15.19,15.19
76,Entry long,2024-03-23 03:00:00,Long,3349.08,0.0239,80.043012,0.54,0.68,2.01,2.51,-2.54,-3.17,15.19,15.19
77,Exit long,2024-04-07 12:00:00,TP1 VWAP,3389.42,0.006,19.85358,0.44,2.23,0.53,2.64,-0.63,-3.15,15.55,15.55
77,Entry long,2024-04-05 15:00:00,Long,3308.93,0.006,19.85358,0.44,2.23,0.53,2.64,-0.63,-3.15,15.55,15.55
78,Exit long,2024-04-07 20:00:00,BE Stop,3383.41,0.0242,80.076106,1.64,2.05,2.5,3.11,-2.52,-3.15,17.27,17.27
78,Entry long,2024-04-05 15:00:00,Long,3308.93,0.0242,80.076106,1.64,2.05,2.5,3.11,-2.52,-3.15,17.27,17.27
79,Exit long,2024-04-19 19:00:00,BE Stop,3111.46,0.0258,79.973292,0.14,0.18,0.7,0.87,-6.19,-7.73,17.4,17.4
79,Entry long,2024-04-16 06:00:00,Long,3099.74,0.0258,79.973292,0.14,0.18,0.7,0.87,-6.19,-7.73,17.4,17.4
80,Exit long,2024-04-19 20:00:00,BE Stop,3102.65,0.0064,19.838335999999998,-0.02,-0.11,0.17,0.87,-1.54,-7.73,17.39,17.39
80,Entry long,2024-04-16 06:00:00,Long,3099.74,0.0064,19.838335999999998,-0.02,-0.11,0.17,0.87,-1.54,-7.73,17.39,17.39
81,Exit long,2024-04-28 04:00:00,TP1 VWAP,3258.63,0.0064,19.969152,0.85,4.23,0.93,4.63,-0.11,-0.54,18.16,18.16
81,Entry long,2024-04-27 13:00:00,Long,3120.18,0.0064,19.969152,0.85,4.23,0.93,4.63,-0.11,-0.54,18.16,18.16
82,Exit long,2024-04-28 06:00:00,BE Stop,3237.68,0.0256,79.876608,2.85,3.56,4.18,5.23,-0.43,-0.54,21.08,21.08
82,Entry long,2024-04-27 13:00:00,Long,3120.18,0.0256,79.876608,2.85,3.56,4.18,5.23,-0.43,-0.54,21.08,21.08
83,Exit long,2024-05-31 04:00:00,TP1 VWAP,3811.55,0.0053,19.835196999999997,0.33,1.64,0.42,2.13,-0.06,-0.32,21.33,21.33
83,Entry long,2024-05-30 21:00:00,Long,3742.49,0.0053,19.835196999999997,0.33,1.64,0.42,2.13,-0.06,-0.32,21.33,21.33
84,Exit long,2024-05-31 06:00:00,BE Stop,3762.01,0.0214,80.08928599999999,0.26,0.32,1.71,2.13,-0.26,-0.32,21.67,21.67
84,Entry long,2024-05-30 21:00:00,Long,3742.49,0.0214,80.08928599999999,0.26,0.32,1.71,2.13,-0.26,-0.32,21.67,21.67
85,Exit long,2024-05-31 23:00:00,TP1 VWAP,3825.29,0.0053,19.796613,0.44,2.21,0.6,3.05,-0.05,-0.23,22.03,22.03
85,Entry long,2024-05-31 19:00:00,Long,3735.21,0.0053,19.796613,0.44,2.21,0.6,3.05,-0.05,-0.23,22.03,22.03
86,Exit long,2024-06-01 00:00:00,BE Stop,3786.35,0.0214,79.933494,0.93,1.17,2.44,3.05,-0.18,-0.23,23.04,23.04
86,Entry long,2024-05-31 19:00:00,Long,3735.21,0.0214,79.933494,0.93,1.17,2.44,3.05,-0.18,-0.23,23.04,23.04
87,Exit long,2024-06-03 17:00:00,TP1 VWAP,3826.14,0.0052,19.786052,0.07,0.35,0.18,0.91,-0.3,-1.52,23.03,23.03
87,Entry long,2024-06-02 22:00:00,Long,3805.01,0.0052,19.786052,0.07,0.35,0.18,0.91,-0.3,-1.52,23.03,23.03
88,Exit long,2024-06-03 18:00:00,BE Stop,3818.01,0.021,79.90521000000001,0.11,0.14,0.73,0.91,-1.21,-1.52,23.22,23.22
88,Entry long,2024-06-02 22:00:00,Long,3805.01,0.021,79.90521000000001,0.11,0.14,0.73,0.91,-1.21,-1.52,23.22,23.22
89,Exit long,2024-06-05 02:00:00,BE Stop,3810.34,0.0211,80.10804900000001,0.13,0.16,0.39,0.48,-1.59,-1.98,23.33,23.33
89,Entry long,2024-06-04 02:00:00,Long,3796.59,0.0211,80.10804900000001,0.13,0.16,0.39,0.48,-1.59,-1.98,23.33,23.33
90,Exit long,2024-06-05 06:00:00,BE Stop,3800.79,0.0052,19.742268,-0.02,-0.09,0.17,0.88,-0.39,-1.98,23.33,23.33
90,Entry long,2024-06-04 02:00:00,Long,3796.59,0.0052,19.742268,-0.02,-0.09,0.17,0.88,-0.39,-1.98,23.33,23.33
91,Exit long,2024-06-10 18:00:00,SL,3648.87,0.027,99.64944,-1.33,-1.33,0,0,-1.36,-1.36,22.01,22.01
91,Entry long,2024-06-10 15:00:00,Long,3690.72,0.027,99.64944,-1.33,-1.33,0,0,-1.36,-1.36,22.01,22.01
92,Exit long,2024-06-15 23:00:00,TP1 VWAP,3563.96,0.0057,19.973655,0.3,1.5,0.33,1.66,-0.26,-1.31,22.23,22.23
92,Entry long,2024-06-15 08:00:00,Long,3504.15,0.0057,19.973655,0.3,1.5,0.33,1.66,-0.26,-1.31,22.23,22.23
93,Exit long,2024-06-16 19:00:00,BE Stop,3553.94,0.0228,79.89462,0.97,1.22,1.98,2.47,-1.05,-1.31,23.28,23.28
93,Entry long,2024-06-15 08:00:00,Long,3504.15,0.0228,79.89462,0.97,1.22,1.98,2.47,-1.05,-1.31,23.28,23.28
94,Exit long,2024-06-24 09:00:00,SL,3425.72,0.0287,99.831802,-1.71,-1.71,0.002,0,-2.38,-2.38,21.57,21.57
94,Entry long,2024-06-24 05:00:00,Long,3478.46,0.0287,99.831802,-1.71,-1.71,0.002,0,-2.38,-2.38,21.57,21.57
95,Exit long,2024-06-27 23:00:00,TP1 VWAP,3435.6,0.0059,19.8948,0.34,1.68,0.41,2.08,-0.12,-0.62,21.82,21.82
95,Entry long,2024-06-27 04:00:00,Long,3372,0.0059,19.8948,0.34,1.68,0.41,2.08,-0.12,-0.62,21.82,21.82
96,Exit long,2024-06-28 07:00:00,BE Stop,3443.81,0.0237,79.9164,1.54,1.93,2.43,3.04,-0.5,-0.62,23.44,23.44
96,Entry long,2024-06-27 04:00:00,Long,3372,0.0237,79.9164,1.54,1.93,2.43,3.04,-0.5,-0.62,23.44,23.44
97,Exit long,2024-07-24 07:00:00,TP1 VWAP,3482.19,0.0058,19.88617,0.27,1.36,0.38,1.89,-0.08,-0.38,23.63,23.63
97,Entry long,2024-07-24 04:00:00,Long,3428.65,0.0058,19.88617,0.27,1.36,0.38,1.89,-0.08,-0.38,23.63,23.63
98,Exit long,2024-07-24 12:00:00,BE Stop,3444.77,0.0233,79.887545,0.22,0.27,1.66,2.07,-0.3,-0.38,23.93,23.93
98,Entry long,2024-07-24 04:00:00,Long,3428.65,0.0233,79.887545,0.22,0.27,1.66,2.07,-0.3,-0.38,23.93,23.93
99,Exit long,2024-08-09 08:00:00,TP1 VWAP,2641.32,0.0082,19.780942,1.84,9.27,1.98,10.01,-0.89,-4.47,25.69,25.69
99,Entry long,2024-08-08 02:00:00,Long,2412.31,0.0082,19.780942,1.84,9.27,1.98,10.01,-0.89,-4.47,25.69,25.69
100,Exit long,2024-08-09 11:00:00,BE Stop,2666.44,0.0332,80.088692,8.27,10.31,10.33,12.89,-3.59,-4.47,34.04,34.04
100,Entry long,2024-08-08 02:00:00,Long,2412.31,0.0332,80.088692,8.27,10.31,10.33,12.89,-3.59,-4.47,34.04,34.04
101,Exit long,2024-08-18 20:00:00,TP1 VWAP,2644.88,0.0077,19.979267,0.35,1.73,0.54,2.72,-0.22,-1.09,34.3,34.3
101,Entry long,2024-08-17 03:00:00,Long,2594.71,0.0077,19.979267,0.35,1.73,0.54,2.72,-0.22,-1.09,34.3,34.3
102,Exit long,2024-08-19 04:00:00,BE Stop,2651.14,0.0308,79.917068,1.58,1.97,2.82,3.52,-0.87,-1.09,35.96,35.96
102,Entry long,2024-08-17 03:00:00,Long,2594.71,0.0308,79.917068,1.58,1.97,2.82,3.52,-0.87,-1.09,35.96,35.96
103,Exit long,2024-08-22 04:00:00,TP1 VWAP,2625.8,0.0076,19.774592000000002,0.14,0.72,0.2,0.99,-0.53,-2.69,36.02,36.02
103,Entry long,2024-08-21 06:00:00,Long,2601.92,0.0076,19.774592000000002,0.14,0.72,0.2,0.99,-0.53,-2.69,36.02,36.02
104,Exit long,2024-08-22 07:00:00,BE Stop,2630.41,0.0308,80.13913600000001,0.72,0.89,1.89,2.35,-2.16,-2.69,36.82,36.82
104,Entry long,2024-08-21 06:00:00,Long,2601.92,0.0308,80.13913600000001,0.72,0.89,1.89,2.35,-2.16,-2.69,36.82,36.82
105,Exit long,2024-09-02 09:00:00,SL,2406.08,0.0394,99.940858,-5.34,-5.33,0,0,-5.45,-5.44,31.48,31.48
105,Entry long,2024-08-31 05:00:00,Long,2536.57,0.0394,99.940858,-5.34,-5.33,0,0,-5.45,-5.44,31.48,31.48
106,Exit long,2024-09-04 11:00:00,SL,2396.26,0.0405,99.799695,-2.95,-2.95,0.13,0.13,-3.25,-3.25,28.53,28.53
106,Entry long,2024-09-04 07:00:00,Long,2464.19,0.0405,99.799695,-2.95,-2.95,0.13,0.13,-3.25,-3.25,28.53,28.53
107,Exit long,2024-09-12 03:00:00,TP1 VWAP,2346.68,0.0086,19.870386000000003,0.27,1.36,0.35,1.78,-0.09,-0.43,28.72,28.72
107,Entry long,2024-09-12 01:00:00,Long,2310.51,0.0086,19.870386000000003,0.27,1.36,0.35,1.78,-0.09,-0.43,28.72,28.72
108,Exit long,2024-09-12 05:00:00,BE Stop,2337.31,0.0346,79.943646,0.77,0.96,1.98,2.47,-0.34,-0.43,29.57,29.57
108,Entry long,2024-09-12 01:00:00,Long,2310.51,0.0346,79.943646,0.77,0.96,1.98,2.47,-0.34,-0.43,29.57,29.57
109,Exit long,2024-09-18 02:00:00,TP1 VWAP,2383.99,0.0086,19.869096000000003,0.59,2.98,0.7,3.54,-0.43,-2.15,30.08,30.08
109,Entry long,2024-09-16 18:00:00,Long,2310.36,0.0086,19.869096000000003,0.59,2.98,0.7,3.54,-0.43,-2.15,30.08,30.08
110,Exit long,2024-09-18 03:00:00,BE Stop,2368.55,0.0346,79.938456,1.85,2.31,2.83,3.54,-1.72,-2.15,32.01,32.01
110,Entry long,2024-09-16 18:00:00,Long,2310.36,0.0346,79.938456,1.85,2.31,2.83,3.54,-1.72,-2.15,32.01,32.01
111,Exit long,2024-10-01 15:00:00,TP1 VWAP,2644.41,0.0076,19.983896,0.07,0.37,0.13,0.64,-0.44,-2.22,32.01,32.01
111,Entry long,2024-09-30 22:00:00,Long,2629.46,0.0076,19.983896,0.07,0.37,0.13,0.64,-0.44,-2.22,32.01,32.01
112,Exit long,2024-10-01 16:00:00,BE Stop,2639.73,0.0304,79.935584,0.15,0.19,0.51,0.64,-1.77,-2.22,32.24,32.24
112,Entry long,2024-09-30 22:00:00,Long,2629.46,0.0304,79.935584,0.15,0.19,0.51,0.64,-1.77,-2.22,32.24,32.24
113,Exit long,2024-10-12 00:00:00,TP1 VWAP,2425.66,0.0083,19.853932,0.24,1.2,0.29,1.45,-0.53,-2.69,32.4,32.4
113,Entry long,2024-10-10 13:00:00,Long,2392.04,0.0083,19.853932,0.24,1.2,0.29,1.45,-0.53,-2.69,32.4,32.4
114,Exit long,2024-10-12 10:00:00,BE Stop,2439.54,0.0335,80.13334,1.43,1.78,2.6,3.24,-2.15,-2.69,33.91,33.91
114,Entry long,2024-10-10 13:00:00,Long,2392.04,0.0335,80.13334,1.43,1.78,2.6,3.24,-2.15,-2.69,33.91,33.91
115,Exit long,2024-11-04 02:00:00,SL,2425.47,0.0401,99.863436,-2.8,-2.8,0.23,0.23,-3.05,-3.05,31.11,31.11
115,Entry long,2024-11-03 02:00:00,Long,2490.36,0.0401,99.863436,-2.8,-2.8,0.23,0.23,-3.05,-3.05,31.11,31.11
116,Exit long,2024-11-19 11:00:00,TP1 VWAP,3208.14,0.0063,19.982529,0.19,0.94,0.32,1.6,-1.01,-5.04,31.22,31.22
116,Entry long,2024-11-15 04:00:00,Long,3171.83,0.0063,19.982529,0.19,0.94,0.32,1.6,-1.01,-5.04,31.22,31.22
117,Exit long,2024-11-19 12:00:00,BE Stop,3157.21,0.0252,79.930116,-0.53,-0.66,1.28,1.6,-4.03,-5.04,30.77,30.77
117,Entry long,2024-11-15 04:00:00,Long,3171.83,0.0252,79.930116,-0.53,-0.66,1.28,1.6,-4.03,-5.04,30.77,30.77
118,Exit long,2024-11-21 16:00:00,TP1 VWAP,3131,0.0064,19.929536,0.07,0.35,0.27,1.37,-0.56,-2.79,30.76,30.76
118,Entry long,2024-11-21 01:00:00,Long,3113.99,0.0064,19.929536,0.07,0.35,0.27,1.37,-0.56,-2.79,30.76,30.76
119,Exit long,2024-11-21 17:00:00,BE Stop,3108.4,0.0257,80.02954299999999,-0.3,-0.38,1.1,1.37,-2.24,-2.79,30.53,30.53
119,Entry long,2024-11-21 01:00:00,Long,3113.99,0.0257,80.02954299999999,-0.3,-0.38,1.1,1.37,-2.24,-2.79,30.53,30.53
120,Exit long,2024-12-11 03:00:00,SL,3568.61,0.0265,99.840605,-5.47,-5.47,0.09,0.09,-5.71,-5.72,25.07,25.07
120,Entry long,2024-12-10 12:00:00,Long,3767.57,0.0265,99.840605,-5.47,-5.47,0.09,0.09,-5.71,-5.72,25.07,25.07
121,Exit long,2024-12-12 08:00:00,TP1 VWAP,3832.44,0.0054,19.718154000000002,0.94,4.75,1.02,5.15,-0.05,-0.24,25.92,25.92
121,Entry long,2024-12-11 14:00:00,Long,3651.51,0.0054,19.718154000000002,0.94,4.75,1.02,5.15,-0.05,-0.24,25.92,25.92
122,Exit long,2024-12-13 04:00:00,BE Stop,3934.88,0.0219,79.968069,6.04,7.55,7.3,9.12,-0.2,-0.24,32.04,32.04
122,Entry long,2024-12-11 14:00:00,Long,3651.51,0.0219,79.968069,6.04,7.55,7.3,9.12,-0.2,-0.24,32.04,32.04
123,Exit long,2024-12-19 08:00:00,SL,3695.13,0.0259,99.637041,-4.13,-4.14,1.54,1.54,-5.72,-5.73,27.92,27.92
123,Entry long,2024-12-18 19:00:00,Long,3846.99,0.0259,99.637041,-4.13,-4.14,1.54,1.54,-5.72,-5.73,27.92,27.92
124,Exit long,2024-12-25 05:00:00,TP1 VWAP,3502.25,0.0058,19.66432,0.61,3.09,0.73,3.71,-1.03,-5.22,28.44,28.44
124,Entry long,2024-12-22 03:00:00,Long,3390.4,0.0058,19.66432,0.61,3.09,0.73,3.71,-1.03,-5.22,28.44,28.44
125,Exit long,2024-12-25 07:00:00,BE Stop,3466.01,0.0236,80.01344,1.62,2.03,3.49,4.36,-4.18,-5.22,30.15,30.15
125,Entry long,2024-12-22 03:00:00,Long,3390.4,0.0236,80.01344,1.62,2.03,3.49,4.36,-4.18,-5.22,30.15,30.15
126,Exit long,2024-12-31 06:00:00,BE Stop,3397.57,0.0236,80.04105200000001,-0.02,-0.02,0.27,0.34,-0.29,-0.36,30.11,30.11
126,Entry long,2024-12-31 05:00:00,Long,3391.57,0.0236,80.04105200000001,-0.02,-0.02,0.27,0.34,-0.29,-0.36,30.11,30.11
127,Exit long,2024-12-31 07:00:00,BE Stop,3402.6,0.0058,19.671105999999998,0.02,0.12,0.08,0.4,-0.07,-0.36,30.15,30.15
127,Entry long,2024-12-31 05:00:00,Long,3391.57,0.0058,19.671105999999998,0.02,0.12,0.08,0.4,-0.07,-0.36,30.15,30.15
128,Exit long,2025-01-02 12:00:00,TP1 VWAP,3390.6,0.0059,19.849311,0.12,0.58,0.2,1,-0.32,-1.59,30.19,30.19
128,Entry long,2025-01-01 12:00:00,Long,3364.29,0.0059,19.849311,0.12,0.58,0.2,1,-0.32,-1.59,30.19,30.19
129,Exit long,2025-01-03 03:00:00,BE Stop,3463.5,0.0238,80.070102,2.2,2.74,3.43,4.28,-1.27,-1.59,32.47,32.47
129,Entry long,2025-01-01 12:00:00,Long,3364.29,0.0238,80.070102,2.2,2.74,3.43,4.28,-1.27,-1.59,32.47,32.47
130,Exit long,2025-01-10 07:00:00,SL,3195.28,0.0301,99.95276899999999,-3.97,-3.97,0.12,0.12,-4.09,-4.09,28.5,28.5
130,Entry long,2025-01-10 03:00:00,Long,3320.69,0.0301,99.95276899999999,-3.97,-3.97,0.12,0.12,-4.09,-4.09,28.5,28.5
131,Exit long,2025-01-13 20:00:00,SL,3170.25,0.0301,99.79955999999999,-4.57,-4.57,0.6,0.6,-4.75,-4.75,23.93,23.93
131,Entry long,2025-01-11 05:00:00,Long,3315.6,0.0301,99.79955999999999,-4.57,-4.57,0.6,0.6,-4.75,-4.75,23.93,23.93
132,Exit long,2025-01-20 01:00:00,TP1 VWAP,3276.96,0.0062,19.879866,0.4,2,0.43,2.15,-0.1,-0.5,24.24,24.24
132,Entry long,2025-01-20 00:00:00,Long,3206.43,0.0062,19.879866,0.4,2,0.43,2.15,-0.1,-0.5,24.24,24.24
133,Exit long,2025-01-20 08:00:00,BE Stop,3378.55,0.0249,79.84010699999999,4.12,5.16,5.98,7.49,-0.4,-0.5,28.44,28.44
133,Entry long,2025-01-20 00:00:00,Long,3206.43,0.0249,79.84010699999999,4.12,5.16,5.98,7.49,-0.4,-0.5,28.44,28.44
134,Exit long,2025-01-20 15:00:00,TP1 VWAP,3272.65,0.0062,19.847502,0.4,2.03,0.48,2.42,-0.04,-0.22,28.77,28.77
134,Entry long,2025-01-20 13:00:00,Long,3201.21,0.0062,19.847502,0.4,2.03,0.48,2.42,-0.04,-0.22,28.77,28.77
135,Exit long,2025-01-20 21:00:00,BE Stop,3365.51,0.025,80.03025000000001,3.94,4.92,6.33,7.91,-0.18,-0.22,32.79,32.79
135,Entry long,2025-01-20 13:00:00,Long,3201.21,0.025,80.03025000000001,3.94,4.92,6.33,7.91,-0.18,-0.22,32.79,32.79
136,Exit long,2025-01-24 10:00:00,TP1 VWAP,3322.94,0.0061,19.901982,0.33,1.65,0.36,1.79,-0.5,-2.52,33.04,33.04
136,Entry long,2025-01-23 07:00:00,Long,3262.62,0.0061,19.901982,0.33,1.65,0.36,1.79,-0.5,-2.52,33.04,33.04
137,Exit long,2025-01-24 12:00:00,BE Stop,3285.71,0.0245,79.93419,0.41,0.51,2.1,2.63,-2.02,-2.52,33.52,33.52
137,Entry long,2025-01-23 07:00:00,Long,3262.62,0.0245,79.93419,0.41,0.51,2.1,2.63,-2.02,-2.52,33.52,33.52
138,Exit long,2025-01-30 21:00:00,TP1 VWAP,3222.1,0.0064,19.914944000000002,0.67,3.34,0.74,3.71,-0.39,-1.97,34.11,34.11
138,Entry long,2025-01-30 05:00:00,Long,3111.71,0.0064,19.914944000000002,0.67,3.34,0.74,3.71,-0.39,-1.97,34.11,34.11
139,Exit long,2025-01-31 08:00:00,BE Stop,3232.03,0.0257,79.97094700000001,2.93,3.66,4.36,5.45,-1.58,-1.97,37.12,37.12
139,Entry long,2025-01-30 05:00:00,Long,3111.71,0.0257,79.97094700000001,2.93,3.66,4.36,5.45,-1.58,-1.97,37.12,37.12
140,Exit long,2025-02-03 05:00:00,SL,2973.52,0.032,99.81632,-4.86,-4.86,0.52,0.52,-5.47,-5.48,32.26,32.26
140,Entry long,2025-02-02 17:00:00,Long,3119.26,0.032,99.81632,-4.86,-4.86,0.52,0.52,-5.47,-5.48,32.26,32.26
141,Exit long,2025-02-08 08:00:00,SL,2587.42,0.0367,99.929696,-5.17,-5.16,2.66,2.66,-5.38,-5.38,27.09,27.09
141,Entry long,2025-02-07 08:00:00,Long,2722.88,0.0367,99.929696,-5.17,-5.16,2.66,2.66,-5.38,-5.38,27.09,27.09
142,Exit long,2025-02-11 17:00:00,TP1 VWAP,2717,0.0076,19.970367999999997,0.64,3.19,0.73,3.66,-0.84,-4.19,27.65,27.65
142,Entry long,2025-02-10 02:00:00,Long,2627.68,0.0076,19.970367999999997,0.64,3.19,0.73,3.66,-0.84,-4.19,27.65,27.65
143,Exit long,2025-02-11 22:00:00,BE Stop,2696.75,0.0304,79.88147199999999,1.94,2.42,2.92,3.66,-3.35,-4.19,29.67,29.67
143,Entry long,2025-02-10 02:00:00,Long,2627.68,0.0304,79.88147199999999,1.94,2.42,2.92,3.66,-3.35,-4.19,29.67,29.67
144,Exit long,2025-02-13 07:00:00,TP1 VWAP,2678.2,0.0075,19.97595,0.07,0.35,0.14,0.68,-0.9,-4.53,29.66,29.66
144,Entry long,2025-02-12 02:00:00,Long,2663.46,0.0075,19.97595,0.07,0.35,0.14,0.68,-0.9,-4.53,29.66,29.66
145,Exit long,2025-02-13 16:00:00,BE Stop,2721.8,0.03,79.9038,1.59,1.99,3.9,4.88,-3.62,-4.53,31.33,31.33
145,Entry long,2025-02-12 02:00:00,Long,2663.46,0.03,79.9038,1.59,1.99,3.9,4.88,-3.62,-4.53,31.33,31.33
146,Exit long,2025-02-19 14:00:00,TP1 VWAP,2691.26,0.0075,19.895325,0.25,1.25,0.34,1.72,-0.05,-0.25,31.5,31.5
146,Entry long,2025-02-19 09:00:00,Long,2652.71,0.0075,19.895325,0.25,1.25,0.34,1.72,-0.05,-0.25,31.5,31.5
147,Exit long,2025-02-19 16:00:00,BE Stop,2666.22,0.0301,79.846571,0.25,0.31,1.37,1.72,-0.2,-0.25,31.82,31.82
147,Entry long,2025-02-19 09:00:00,Long,2652.71,0.0301,79.846571,0.25,0.31,1.37,1.72,-0.2,-0.25,31.82,31.82
148,Exit long,2025-02-22 22:00:00,TP1 VWAP,2733.5,0.0074,19.82275,0.37,1.84,0.54,2.71,-0.49,-2.46,32.11,32.11
148,Entry long,2025-02-22 06:00:00,Long,2678.75,0.0074,19.82275,0.37,1.84,0.54,2.71,-0.49,-2.46,32.11,32.11
149,Exit long,2025-02-23 06:00:00,BE Stop,2763,0.0299,80.094625,2.36,2.94,3.51,4.38,-1.97,-2.46,34.55,34.55
149,Entry long,2025-02-22 06:00:00,Long,2678.75,0.0299,80.094625,2.36,2.94,3.51,4.38,-1.97,-2.46,34.55,34.55
150,Exit long,2025-03-10 05:00:00,SL,2023.64,0.0464,99.85279999999999,-6.15,-6.15,3.76,3.77,-6.55,-6.55,28.4,28.4
150,Entry long,2025-03-08 12:00:00,Long,2152,0.0464,99.85279999999999,-6.15,-6.15,3.76,3.77,-6.55,-6.55,28.4,28.4
151,Exit long,2025-03-17 22:00:00,TP1 VWAP,1912.9,0.0105,19.893195,0.15,0.76,0.24,1.2,-0.28,-1.39,28.47,28.47
151,Entry long,2025-03-17 08:00:00,Long,1894.59,0.0105,19.893195,0.15,0.76,0.24,1.2,-0.28,-1.39,28.47,28.47
152,Exit long,2025-03-18 01:00:00,BE Stop,1899,0.0422,79.951698,0.03,0.03,1.96,2.44,-1.11,-1.39,28.57,28.57
152,Entry long,2025-03-17 08:00:00,Long,1894.59,0.0422,79.951698,0.03,0.03,1.96,2.44,-1.11,-1.39,28.57,28.57
153,Exit long,2025-03-19 07:00:00,TP1 VWAP,1904.53,0.0105,19.848885,0.11,0.55,0.18,0.88,-0.05,-0.23,28.6,28.6
153,Entry long,2025-03-19 06:00:00,Long,1890.37,0.0105,19.848885,0.11,0.55,0.18,0.88,-0.05,-0.23,28.6,28.6
154,Exit long,2025-03-19 13:00:00,BE Stop,1931.43,0.0423,79.962651,1.58,1.97,2.42,3.02,-0.18,-0.23,30.26,30.26
154,Entry long,2025-03-19 06:00:00,Long,1890.37,0.0423,79.962651,1.58,1.97,2.42,3.02,-0.18,-0.23,30.26,30.26
155,Exit long,2025-04-17 16:00:00,TP1 VWAP,1598.8,0.0127,19.893153,0.37,1.87,0.46,2.29,-0.2,-1.01,30.55,30.55
155,Entry long,2025-04-17 05:00:00,Long,1566.39,0.0127,19.893153,0.37,1.87,0.46,2.29,-0.2,-1.01,30.55,30.55
156,Exit long,2025-04-18 01:00:00,BE Stop,1569.62,0.0511,80.042529,0.005,0.01,2.19,2.73,-0.81,-1.01,30.63,30.63
156,Entry long,2025-04-17 05:00:00,Long,1566.39,0.0511,80.042529,0.005,0.01,2.19,2.73,-0.81,-1.01,30.63,30.63
157,Exit long,2025-04-22 18:00:00,TP1 VWAP,1619.2,0.0126,19.900818,0.46,2.31,0.55,2.76,-0.6,-3,31.02,31.02
157,Entry long,2025-04-22 10:00:00,Long,1579.43,0.0126,19.900818,0.46,2.31,0.55,2.76,-0.6,-3,31.02,31.02
158,Exit long,2025-04-23 16:00:00,BE Stop,1797.6,0.0507,80.07710100000001,10.89,13.59,12.08,15.07,-2.41,-3,41.99,41.99
158,Entry long,2025-04-22 10:00:00,Long,1579.43,0.0507,80.07710100000001,10.89,13.59,12.08,15.07,-2.41,-3,41.99,41.99
159,Exit long,2025-05-07 00:00:00,SL,1758.18,0.0553,99.84470300000001,-2.81,-2.82,0.07,0.07,-3.16,-3.16,39.17,39.17
159,Entry long,2025-05-06 17:00:00,Long,1805.51,0.0553,99.84470300000001,-2.81,-2.82,0.07,0.07,-3.16,-3.16,39.17,39.17
160,Exit long,2025-05-19 01:00:00,TP1 VWAP,2557.25,0.008,19.84976,0.57,2.86,0.68,3.43,-0.29,-1.46,39.66,39.66
160,Entry long,2025-05-18 01:00:00,Long,2481.22,0.008,19.84976,0.57,2.86,0.68,3.43,-0.29,-1.46,39.66,39.66
161,Exit long,2025-05-19 04:00:00,BE Stop,2488.11,0.0323,80.143406,0.06,0.08,3.34,4.16,-1.18,-1.46,39.8,39.8
161,Entry long,2025-05-18 01:00:00,Long,2481.22,0.0323,80.143406,0.06,0.08,3.34,4.16,-1.18,-1.46,39.8,39.8
162,Exit long,2025-05-21 12:00:00,TP1 VWAP,2533.01,0.0079,19.752449000000002,0.22,1.11,0.36,1.8,-0.15,-0.75,39.94,39.94
162,Entry long,2025-05-21 06:00:00,Long,2500.31,0.0079,19.752449000000002,0.22,1.11,0.36,1.8,-0.15,-0.75,39.94,39.94
163,Exit long,2025-05-21 18:00:00,BE Stop,2550.96,0.032,80.00992,1.46,1.82,3.59,4.48,-0.6,-0.75,41.48,41.48
163,Entry long,2025-05-21 06:00:00,Long,2500.31,0.032,80.00992,1.46,1.82,3.59,4.48,-0.6,-0.75,41.48,41.48
164,Exit long,2025-06-03 10:00:00,TP1 VWAP,2606.63,0.0079,19.914478000000003,0.64,3.2,0.72,3.62,-0.45,-2.27,42.04,42.04
164,Entry long,2025-06-01 15:00:00,Long,2520.82,0.0079,19.914478000000003,0.64,3.2,0.72,3.62,-0.45,-2.27,42.04,42.04
165,Exit long,2025-06-03 13:00:00,BE Stop,2615.01,0.0317,79.909994,2.82,3.53,3.98,4.97,-1.82,-2.27,44.94,44.94
165,Entry long,2025-06-01 15:00:00,Long,2520.82,0.0317,79.909994,2.82,3.53,3.98,4.97,-1.82,-2.27,44.94,44.94
166,Exit long,2025-06-17 06:00:00,TP1 VWAP,2659.19,0.0079,19.853253000000002,1.11,5.6,1.21,6.11,-0.23,-1.16,45.97,45.97
166,Entry long,2025-06-13 14:00:00,Long,2513.07,0.0079,19.853253000000002,1.11,5.6,1.21,6.11,-0.23,-1.16,45.97,45.97
167,Exit long,2025-06-17 08:00:00,BE Stop,2647.76,0.0318,79.915626,4.12,5.15,5.21,6.51,-0.93,-1.16,50.17,50.17
167,Entry long,2025-06-13 14:00:00,Long,2513.07,0.0318,79.915626,4.12,5.15,5.21,6.51,-0.93,-1.16,50.17,50.17
168,Exit long,2025-06-20 18:00:00,TP1 VWAP,2548.16,0.0079,19.809171,0.28,1.42,0.31,1.59,-0.11,-0.56,50.37,50.37
168,Entry long,2025-06-20 04:00:00,Long,2507.49,0.0079,19.809171,0.28,1.42,0.31,1.59,-0.11,-0.56,50.37,50.37
169,Exit long,2025-06-21 00:00:00,BE Stop,2535.18,0.0319,79.988931,0.72,0.9,1.86,2.32,-0.45,-0.56,51.18,51.18
169,Entry long,2025-06-20 04:00:00,Long,2507.49,0.0319,79.988931,0.72,0.9,1.86,2.32,-0.45,-0.56,51.18,51.18
170,Exit long,2025-08-02 00:00:00,SL,3598.25,0.0269,99.92085700000001,-3.32,-3.32,0.1,0.1,-3.85,-3.85,47.85,47.85
170,Entry long,2025-08-01 13:00:00,Long,3714.53,0.0269,99.92085700000001,-3.32,-3.32,0.1,0.1,-3.85,-3.85,47.85,47.85
171,Exit long,2025-08-20 03:00:00,SL,4141.11,0.023,99.85634,-4.81,-4.81,0.94,0.95,-4.83,-4.84,43.04,43.04
171,Entry long,2025-08-18 23:00:00,Long,4341.58,0.023,99.85634,-4.81,-4.81,0.94,0.95,-4.83,-4.84,43.04,43.04
172,Exit long,2025-08-23 01:00:00,TP1 VWAP,4612.15,0.0046,19.600048,1.58,8.03,1.75,8.94,-0.29,-1.46,44.54,44.54
172,Entry long,2025-08-22 00:00:00,Long,4260.88,0.0046,19.600048,1.58,8.03,1.75,8.94,-0.29,-1.46,44.54,44.54
173,Exit long,2025-08-23 12:00:00,BE Stop,4780.94,0.0188,80.104544,9.61,11.98,11.71,14.6,-1.17,-1.46,54.23,54.23
173,Entry long,2025-08-22 00:00:00,Long,4260.88,0.0188,80.104544,9.61,11.98,11.71,14.6,-1.17,-1.46,54.23,54.23
174,Exit long,2025-08-30 01:00:00,SL,4281.32,0.0224,99.841056,-4.14,-4.14,1.23,1.23,-4.51,-4.51,50.09,50.09
174,Entry long,2025-08-29 07:00:00,Long,4457.19,0.0224,99.841056,-4.14,-4.14,1.23,1.23,-4.51,-4.51,50.09,50.09
175,Exit long,2025-09-02 07:00:00,SL,4286.28,0.0226,99.769056,-3.1,-3.1,1.6,1.6,-3.59,-3.6,47,47
175,Entry long,2025-09-01 12:00:00,Long,4414.56,0.0226,99.769056,-3.1,-3.1,1.6,1.6,-3.59,-3.6,47,47
176,Exit long,2025-09-09 01:00:00,TP1 VWAP,4348.82,0.0046,19.828760000000003,0.14,0.69,0.21,1.08,-0.39,-1.97,47.05,47.05
176,Entry long,2025-09-06 05:00:00,Long,4310.6,0.0046,19.828760000000003,0.14,0.69,0.21,1.08,-0.39,-1.97,47.05,47.05
177,Exit long,2025-09-09 03:00:00,BE Stop,4337.85,0.0185,79.7461,0.34,0.43,1.25,1.56,-1.57,-1.97,47.48,47.48
177,Entry long,2025-09-06 05:00:00,Long,4310.6,0.0185,79.7461,0.34,0.43,1.25,1.56,-1.57,-1.97,47.48,47.48
178,Exit long,2025-09-10 23:00:00,TP1 VWAP,4369.95,0.0046,19.800378000000002,0.26,1.32,0.39,1.98,-0.11,-0.56,47.66,47.66
178,Entry long,2025-09-10 07:00:00,Long,4304.43,0.0046,19.800378000000002,0.26,1.32,0.39,1.98,-0.11,-0.56,47.66,47.66
179,Exit long,2025-09-11 03:00:00,BE Stop,4384.38,0.0186,80.062398,1.33,1.65,2.7,3.37,-0.45,-0.56,49.06,49.06
179,Entry long,2025-09-10 07:00:00,Long,4304.43,0.0186,80.062398,1.33,1.65,2.7,3.37,-0.45,-0.56,49.06,49.06
180,Exit long,2025-09-18 09:00:00,TP1 VWAP,4584.63,0.0044,19.59628,0.54,2.73,0.62,3.17,-0.03,-0.18,49.52,49.52
180,Entry long,2025-09-18 05:00:00,Long,4453.7,0.0044,19.59628,0.54,2.73,0.62,3.17,-0.03,-0.18,49.52,49.52
181,Exit long,2025-09-18 17:00:00,BE Stop,4569.5,0.018,80.16659999999999,1.92,2.4,3.33,4.15,-0.14,-0.18,51.52,51.52
181,Entry long,2025-09-18 05:00:00,Long,4453.7,0.018,80.16659999999999,1.92,2.4,3.33,4.15,-0.14,-0.18,51.52,51.52
182,Exit long,2025-09-22 11:00:00,SL,4333.91,0.0223,99.81257,-3.36,-3.37,0.36,0.36,-3.62,-3.63,48.16,48.16
182,Entry long,2025-09-21 16:00:00,Long,4475.9,0.0223,99.81257,-3.36,-3.37,0.36,0.36,-3.62,-3.63,48.16,48.16
183,Exit long,2025-09-29 09:00:00,TP1 VWAP,4130,0.005,19.9659,0.64,3.22,0.71,3.56,-0.18,-0.88,48.72,48.72
183,Entry long,2025-09-27 20:00:00,Long,3993.18,0.005,19.9659,0.64,3.22,0.71,3.56,-0.18,-0.88,48.72,48.72
184,Exit long,2025-09-29 12:00:00,BE Stop,4112.28,0.02,79.8636,2.22,2.78,2.93,3.67,-0.7,-0.88,51.02,51.02
184,Entry long,2025-09-27 20:00:00,Long,3993.18,0.02,79.8636,2.22,2.78,2.93,3.67,-0.7,-0.88,51.02,51.02
185,Exit long,2025-10-10 03:00:00,SL,4312.37,0.0224,99.6464,-3.25,-3.25,0.12,0.12,-3.69,-3.7,47.78,47.78
185,Entry long,2025-10-09 15:00:00,Long,4448.5,0.0224,99.6464,-3.25,-3.25,0.12,0.12,-3.69,-3.7,47.78,47.78
186,Exit long,2025-10-17 20:00:00,SL,3707.46,0.0256,99.64492800000001,-4.93,-4.94,1.35,1.35,-4.99,-5.01,42.85,42.85
186,Entry long,2025-10-17 11:00:00,Long,3892.38,0.0256,99.64492800000001,-4.93,-4.94,1.35,1.35,-4.99,-5.01,42.85,42.85
187,Exit long,2025-10-22 02:00:00,TP1 VWAP,4019.17,0.0051,19.8135,0.64,3.25,0.68,3.45,-0.2,-1.03,43.41,43.41
187,Entry long,2025-10-21 18:00:00,Long,3885,0.0051,19.8135,0.64,3.25,0.68,3.45,-0.2,-1.03,43.41,43.41
188,Exit long,2025-10-22 04:00:00,BE Stop,4028.63,0.0206,80.031,2.8,3.49,4.55,5.68,-0.82,-1.03,46.29,46.29
188,Entry long,2025-10-21 18:00:00,Long,3885,0.0206,80.031,2.8,3.49,4.55,5.68,-0.82,-1.03,46.29,46.29
189,Exit long,2025-10-24 04:00:00,TP1 VWAP,3916.15,0.0051,19.726851000000003,0.21,1.04,0.32,1.62,-0.85,-4.31,46.41,46.41
189,Entry long,2025-10-22 13:00:00,Long,3868.01,0.0051,19.726851000000003,0.21,1.04,0.32,1.62,-0.85,-4.31,46.41,46.41
190,Exit long,2025-10-24 06:00:00,BE Stop,3868.35,0.0207,80.067807,-0.15,-0.19,1.3,1.62,-3.45,-4.31,46.34,46.34
190,Entry long,2025-10-22 13:00:00,Long,3868.01,0.0207,80.067807,-0.15,-0.19,1.3,1.62,-3.45,-4.31,46.34,46.34
191,Exit long,2025-10-31 01:00:00,SL,3765.16,0.0255,99.81056999999998,-3.99,-4,0.69,0.69,-4.1,-4.11,42.35,42.35
191,Entry long,2025-10-30 17:00:00,Long,3914.14,0.0255,99.81056999999998,-3.99,-4,0.69,0.69,-4.1,-4.11,42.35,42.35
192,Exit long,2025-11-10 01:00:00,TP1 VWAP,3456.69,0.006,19.9635,0.74,3.68,0.94,4.69,-0.83,-4.17,43,43
192,Entry long,2025-11-07 05:00:00,Long,3327.25,0.006,19.9635,0.74,3.68,0.94,4.69,-0.83,-4.17,43,43
193,Exit long,2025-11-10 18:00:00,BE Stop,3603.82,0.024,79.854,6.47,8.1,7.83,9.8,-3.33,-4.17,49.55,49.55
193,Entry long,2025-11-07 05:00:00,Long,3327.25,0.024,79.854,6.47,8.1,7.83,9.8,-3.33,-4.17,49.55,49.55
194,Exit long,2025-12-16 05:00:00,SL,2935.69,0.0324,99.71585999999999,-4.79,-4.8,3.16,3.16,-4.87,-4.88,44.76,44.76
194,Entry long,2025-12-13 06:00:00,Long,3077.65,0.0324,99.71585999999999,-4.79,-4.8,3.16,3.16,-4.87,-4.88,44.76,44.76
195,Exit long,2025-12-26 14:00:00,TP1 VWAP,2972.24,0.0068,19.835735999999997,0.34,1.69,0.51,2.55,-0.02,-0.12,45.01,45.01
195,Entry long,2025-12-26 13:00:00,Long,2917.02,0.0068,19.835735999999997,0.34,1.69,0.51,2.55,-0.02,-0.12,45.01,45.01
196,Exit long,2025-12-26 19:00:00,BE Stop,2955.35,0.0274,79.926348,0.89,1.11,2.04,2.55,-0.09,-0.12,45.98,45.98
196,Entry long,2025-12-26 13:00:00,Long,2917.02,0.0274,79.926348,0.89,1.11,2.04,2.55,-0.09,-0.12,45.98,45.98
197,Exit long,2025-12-30 15:00:00,TP1 VWAP,2950.15,0.0068,19.950452,0.07,0.35,0.12,0.6,-0.18,-0.88,45.97,45.97
197,Entry long,2025-12-30 03:00:00,Long,2933.89,0.0068,19.950452,0.07,0.35,0.12,0.6,-0.18,-0.88,45.97,45.97
198,Exit long,2025-12-30 16:00:00,BE Stop,2944.27,0.0272,79.801808,0.12,0.15,0.55,0.69,-0.7,-0.88,46.18,46.18
198,Entry long,2025-12-30 03:00:00,Long,2933.89,0.0272,79.801808,0.12,0.15,0.55,0.69,-0.7,-0.88,46.18,46.18
199,Exit long,2026-01-14 03:00:00,TP1 VWAP,3182.57,0.0064,19.855744,0.47,2.38,0.53,2.65,-0.31,-1.56,46.57,46.57
199,Entry long,2026-01-09 03:00:00,Long,3102.46,0.0064,19.855744,0.47,2.38,0.53,2.65,-0.31,-1.56,46.57,46.57
200,Exit long,2026-01-14 17:00:00,BE Stop,3329.83,0.0258,80.043468,5.7,7.11,7.54,9.42,-1.25,-1.56,52.35,52.35
200,Entry long,2026-01-09 03:00:00,Long,3102.46,0.0258,80.043468,5.7,7.11,7.54,9.42,-1.25,-1.56,52.35,52.35
201,Exit long,2026-01-28 04:00:00,TP1 VWAP,2989.49,0.0068,19.829072,0.46,2.31,0.54,2.71,-0.1,-0.51,52.73,52.73
201,Entry long,2026-01-27 23:00:00,Long,2916.04,0.0068,19.829072,0.46,2.31,0.54,2.71,-0.1,-0.51,52.73,52.73
202,Exit long,2026-01-28 05:00:00,BE Stop,2929.19,0.0274,79.899496,0.2,0.25,2.17,2.71,-0.41,-0.51,53.01,53.01
202,Entry long,2026-01-27 23:00:00,Long,2916.04,0.0274,79.899496,0.2,0.25,2.17,2.71,-0.41,-0.51,53.01,53.01
203,Exit long,2026-02-14 03:00:00,TP1 VWAP,2033.85,0.0103,19.823277,1.08,5.47,1.27,6.41,-0.19,-0.96,54.01,54.01
203,Entry long,2026-02-13 07:00:00,Long,1924.59,0.0103,19.823277,1.08,5.47,1.27,6.41,-0.19,-0.96,54.01,54.01
204,Exit long,2026-02-15 00:00:00,BE Stop,2070.29,0.0416,80.06294399999999,5.89,7.36,7.53,9.4,-0.77,-0.96,59.99,59.99
204,Entry long,2026-02-13 07:00:00,Long,1924.59,0.0416,80.06294399999999,5.89,7.36,7.53,9.4,-0.77,-0.96,59.99,59.99
205,Exit long,2026-02-17 14:00:00,TP1 VWAP,1997.65,0.0102,19.883982000000003,0.45,2.27,0.74,3.72,-0.16,-0.79,60.36,60.36
205,Entry long,2026-02-16 08:00:00,Long,1949.41,0.0102,19.883982000000003,0.45,2.27,0.74,3.72,-0.16,-0.79,60.36,60.36
206,Exit long,2026-02-17 17:00:00,BE Stop,1974.7,0.041,79.92581000000001,0.88,1.09,2.98,3.72,-0.64,-0.79,61.32,61.32
206,Entry long,2026-02-16 08:00:00,Long,1949.41,0.041,79.92581000000001,0.88,1.09,2.98,3.72,-0.64,-0.79,61.32,61.32
207,Exit long,2026-02-23 13:00:00,SL,1855.19,0.0512,99.80825600000001,-5.02,-5.02,0.48,0.48,-5.44,-5.45,56.3,56.3
207,Entry long,2026-02-23 09:00:00,Long,1949.38,0.0512,99.80825600000001,-5.02,-5.02,0.48,0.48,-5.44,-5.45,56.3,56.3
208,Exit long,2026-03-01 07:00:00,TP1 VWAP,1946.07,0.0107,19.960314999999998,0.82,4.11,0.93,4.68,-0.26,-1.31,57.04,57.04
208,Entry long,2026-02-28 19:00:00,Long,1865.45,0.0107,19.960314999999998,0.82,4.11,0.93,4.68,-0.26,-1.31,57.04,57.04
209,Exit long,2026-03-01 17:00:00,BE Stop,2010.36,0.0429,80.027805,6.05,7.55,8.02,10.01,-1.05,-1.31,63.17,63.17
209,Entry long,2026-02-28 19:00:00,Long,1865.45,0.0429,80.027805,6.05,7.55,8.02,10.01,-1.05,-1.31,63.17,63.17
210,Exit long,2026-03-10 07:00:00,TP1 VWAP,2032.86,0.0102,19.854402,0.84,4.23,1.07,5.39,-0.41,-2.08,63.93,63.93
210,Entry long,2026-03-08 15:00:00,Long,1946.51,0.0102,19.854402,0.84,4.23,1.07,5.39,-0.41,-2.08,63.93,63.93
211,Exit long,2026-03-10 10:00:00,BE Stop,2001.75,0.0411,80.001561,2.11,2.63,4.32,5.39,-1.66,-2.08,66.12,66.12
211,Entry long,2026-03-08 15:00:00,Long,1946.51,0.0411,80.001561,2.11,2.63,4.32,5.39,-1.66,-2.08,66.12,66.12
212,Exit long,2026-03-25 11:00:00,TP1 VWAP,2155.16,0.0094,19.909482000000004,0.31,1.55,0.4,2.02,-0.07,-0.33,66.35,66.35
212,Entry long,2026-03-25 06:00:00,Long,2118.03,0.0094,19.909482000000004,0.31,1.55,0.4,2.02,-0.07,-0.33,66.35,66.35
213,Exit long,2026-03-26 03:00:00,BE Stop,2161.7,0.0378,80.06153400000001,1.49,1.86,2.98,3.72,-0.26,-0.33,67.92,67.92
213,Entry long,2026-03-25 06:00:00,Long,2118.03,0.0378,80.06153400000001,1.49,1.86,2.98,3.72,-0.26,-0.33,67.92,67.92
214,Exit long,2026-03-27 22:00:00,SL,1989.73,0.048,99.84384,-4.53,-4.53,0.13,0.13,-5.05,-5.05,63.38,63.38
214,Entry long,2026-03-27 01:00:00,Long,2080.08,0.048,99.84384,-4.53,-4.53,0.13,0.13,-5.05,-5.05,63.38,63.38
215,Exit long,2026-04-01 01:00:00,TP1 VWAP,2074.01,0.0098,19.992881999999998,0.29,1.46,0.36,1.8,-0.08,-0.4,63.6,63.6
215,Entry long,2026-03-31 23:00:00,Long,2040.09,0.0098,19.992881999999998,0.29,1.46,0.36,1.8,-0.08,-0.4,63.6,63.6
216,Exit long,2026-04-01 02:00:00,BE Stop,2045.01,0.0392,79.97152799999999,0.03,0.04,1.93,2.41,-0.32,-0.4,63.71,63.71
216,Entry long,2026-03-31 23:00:00,Long,2040.09,0.0392,79.97152799999999,0.03,0.04,1.93,2.41,-0.32,-0.4,63.71,63.71
217,Exit long,2026-04-29 20:00:00,TP1 VWAP,2338.51,0.0086,19.899884,0.17,0.86,0.26,1.3,-0.52,-2.59,63.8,63.8
217,Entry long,2026-04-28 01:00:00,Long,2313.94,0.0086,19.899884,0.17,0.86,0.26,1.3,-0.52,-2.59,63.8,63.8
218,Exit long,2026-04-29 23:00:00,BE Stop,2315.23,0.0346,80.062324,-0.12,-0.14,1.04,1.3,-2.07,-2.59,63.77,63.77
218,Entry long,2026-04-28 01:00:00,Long,2313.94,0.0346,80.062324,-0.12,-0.14,1.04,1.3,-2.07,-2.59,63.77,63.77
219,Exit long,2026-05-12 19:00:00,SL,2287.11,0.0428,99.825008,-2.13,-2.14,0.45,0.45,-2.5,-2.5,61.63,61.63
219,Entry long,2026-05-12 02:00:00,Long,2332.36,0.0428,99.825008,-2.13,-2.14,0.45,0.45,-2.5,-2.5,61.63,61.63
220,Exit long,2026-05-16 00:00:00,SL,2212.76,0.0441,99.8424,-2.46,-2.46,0,0,-2.54,-2.54,59.17,59.17
220,Entry long,2026-05-15 18:00:00,Long,2264,0.0441,99.8424,-2.46,-2.46,0,0,-2.54,-2.54,59.17,59.17
